"epsilon","improvement"
0.1,20.0189963821717
1,1.49241980955272
3,1.2461656072197
10,1.09597604254679
